,City,Cloudiness,Country,Date,Humidity,Lat,Lng,Max Temp,Wind Speed
0,Albany,90,US,1551921267,72,42.65,-73.75,17.6,11.41
1,Waipawa,0,NZ,1551918556,41,-39.94,176.59,80.01,1.99
2,Verkhoyansk,80,RU,1551921441,72,67.55,133.39,-11.89,3.74
3,Tonantins,20,BR,1551921441,59,-2.86,-67.77,87.16,7.65
4,Puerto Ayora,20,EC,1551916800,78,-0.74,-90.35,80.6,6.93
5,Vaini,0,IN,1551916800,87,15.34,74.49,53.6,2.17
6,Lavrentiya,76,RU,1551921442,100,65.58,-170.99,18.49,5.41
7,Pangody,76,RU,1551921442,82,65.85,74.49,17.09,20.62
8,Boa Vista,0,BR,1551920400,45,2.82,-60.67,87.8,12.75
9,Mount Gambier,8,AU,1551916800,48,-37.83,140.78,60.8,8.05
10,Mataura,92,NZ,1551921006,91,-46.19,168.86,55.99,14.0
11,Nikolskoye,0,RU,1551918600,62,59.7,30.79,21.2,6.71
12,Ushuaia,44,AR,1551921445,96,-54.81,-68.31,37.88,12.12
13,Killin,1,US,1551921179,45,33.61,-91.74,44.6,6.93
14,Paita,88,PE,1551921207,69,-5.09,-81.11,79.55,5.75
15,Avarua,88,CK,1551918600,66,-21.21,-159.78,84.2,19.46
16,Nouadhibou,0,MR,1551916800,82,20.93,-17.03,62.6,18.34
17,Krasnoborsk,56,RU,1551921446,80,61.56,45.93,8.0,7.54
18,Sorong,68,ID,1551921446,100,-0.86,131.25,78.83,4.29
19,Bundaberg,75,AU,1551921309,70,-24.87,152.35,88.0,12.75
20,Ouallam,0,NE,1551921447,19,14.32,2.08,68.66,7.99
21,Punta Arenas,40,CL,1551921188,99,-53.16,-70.91,44.6,14.99
22,Busselton,88,AU,1551921351,63,-33.64,115.35,71.01,8.21
23,Thompson,20,CA,1551916800,55,55.74,-97.86,10.4,11.41
24,Jacareacanga,8,BR,1551921448,86,-6.22,-57.76,79.06,2.17
25,Rikitea,88,PF,1551921449,98,-23.12,-134.97,80.72,17.72
26,Atuona,32,PF,1551921449,99,-9.8,-139.03,82.66,17.27
27,Cape Town,20,ZA,1551921375,82,-33.93,18.42,66.99,4.7
28,Mandalgovi,0,MN,1551921449,76,45.76,106.27,12.73,5.08
29,Linxia,92,CN,1551921450,90,35.6,103.21,25.01,2.95
30,Isangel,75,VU,1551916800,79,-19.55,169.27,84.2,6.93
31,College,90,US,1551921246,79,64.86,-147.8,26.01,4.18
32,Bredasdorp,32,ZA,1551921407,87,-34.53,20.04,60.8,6.93
33,New Norfolk,40,AU,1551921374,44,-42.78,147.06,62.01,14.99
34,Biltine,0,TD,1551921451,28,14.53,20.93,72.26,7.54
35,Hobart,40,AU,1551921441,44,-42.88,147.33,62.01,14.99
36,Cayenne,20,GF,1551918600,78,4.94,-52.33,78.8,8.05
37,Belmonte,68,PT,1551921302,90,40.36,-7.35,42.01,1.01
38,Hermanus,0,ZA,1551921407,95,-34.42,19.24,64.0,1.01
39,Iquitos,75,PE,1551916800,83,-3.75,-73.25,82.4,3.36
40,Fortuna,0,ES,1551921443,41,38.18,-1.13,60.01,8.05
41,Sinnamary,76,GF,1551921453,92,5.38,-52.96,80.14,12.8
42,Marystown,68,CA,1551921031,100,47.17,-55.16,27.0,9.66
43,Salalah,0,OM,1551916200,73,17.01,54.1,73.4,3.36
44,Bluff,0,AU,1551921453,65,-23.58,149.07,82.93,7.2
45,Kodiak,1,US,1551921429,63,39.95,-94.76,32.0,5.82
46,Usogorsk,20,RU,1551921454,75,63.43,48.71,6.92,5.86
47,Douentza,8,ML,1551921454,54,15.01,-2.95,57.23,3.18
48,Mayo,5,CA,1551916800,43,63.59,-135.9,14.0,3.62
49,Key West,1,US,1551921388,77,47.93,-96.78,3.2,4.7
50,Olinda,75,EC,1551921425,83,-2.03,-79.75,82.4,6.93
51,Ca Mau,24,VN,1551921362,100,9.18,105.15,71.59,3.62
52,Merauke,68,ID,1551921455,94,-8.49,140.4,82.34,4.41
53,Solana Beach,90,US,1551921266,87,32.99,-117.27,61.0,5.82
54,Seoul,1,KR,1551919800,65,37.57,126.98,44.6,3.36
55,Saint George,20,GR,1551916200,86,39.45,22.34,48.2,0.38
56,Ilulissat,12,GL,1551919800,44,69.22,-51.1,19.4,3.36
57,Souillac,92,FR,1551921383,93,45.6,-0.6,51.01,9.17
58,Winnemucca,75,US,1551921342,81,40.97,-117.74,48.0,5.82
59,Sola,75,NO,1551921371,70,58.89,5.65,44.6,17.22
60,Upernavik,8,GL,1551921458,100,72.79,-56.15,3.86,18.05
61,Taunggyi,0,MM,1551921458,85,20.78,97.03,56.56,3.62
62,Khani,92,GE,1551918600,93,41.96,42.96,48.2,3.36
63,Lasa,92,CY,1551921364,77,34.92,32.53,60.8,14.99
64,Srednekolymsk,56,RU,1551921459,61,67.46,153.71,-7.75,3.06
65,Pekan,75,MY,1551916800,100,3.49,103.39,75.2,2.17
66,Shache,12,CN,1551921182,51,38.42,77.24,25.0,4.07
67,Aberdeen,1,US,1551921326,72,45.47,-98.49,10.4,11.41
68,Naze,40,NG,1551916800,94,5.43,7.07,73.4,4.97
69,Utete,64,TZ,1551921460,90,-7.99,38.76,78.92,3.96
70,Jamestown,20,AU,1551921461,57,-33.21,138.6,58.58,10.67
71,Flinders,0,AU,1551921425,34,-34.58,150.85,73.0,10.29
72,Kaitangata,0,NZ,1551921437,42,-46.28,169.85,72.0,7.0
73,Kahului,75,US,1551921402,64,20.89,-156.47,77.0,19.46
74,Kochevo,8,BG,1551918600,60,42.1,24.92,42.8,3.85
75,Aklavik,90,CA,1551920400,56,68.22,-135.01,17.6,3.29
76,Poum,0,MK,1551921464,81,41.28,20.71,24.11,1.72
77,Bonfim,0,GY,1551920878,42,3.36,-59.84,90.17,14.03
78,Marion,1,US,1551921422,43,35.21,-90.2,39.2,3.36
79,Saskylakh,88,RU,1551921465,72,71.97,114.09,-2.85,13.24
80,Quesnel,88,CA,1551920432,44,52.98,-122.49,30.0,1.01
81,Dingle,0,PH,1551921465,75,11.0,122.67,77.57,13.47
82,Barrow,20,AR,1551921465,55,-38.31,-60.23,81.71,18.72
83,Mago,0,RU,1551921466,57,53.27,140.15,11.24,2.84
84,Nola,32,CF,1551921466,96,3.52,16.05,70.33,2.06
85,Bogo,0,CM,1551921466,25,10.74,14.61,75.19,10.67
86,Ribeira Grande,76,PT,1551921467,94,38.52,-28.7,62.09,17.6
87,Goderich,48,CA,1551921396,76,43.74,-81.71,17.01,1.99
88,Seymchan,64,RU,1551921467,80,62.93,152.39,-2.4,2.73
89,Petropavlovsk-Kamchatskiy,75,RU,1551918600,62,53.05,158.65,21.2,7.2
90,Buala,92,SB,1551921468,83,-8.15,159.59,84.91,7.65
91,Benguela,80,AO,1551921468,100,-12.58,13.4,80.59,8.21
92,Port Keats,0,AU,1551921468,83,-14.25,129.55,86.53,8.66
93,Zalari,88,RU,1551921469,86,53.57,102.52,22.22,12.01
94,Zhangye,32,CN,1551921469,70,38.94,100.46,21.46,3.62
95,Riohacha,80,CO,1551921469,77,11.54,-72.91,81.31,14.47
96,Shaowu,88,CN,1551921470,97,27.34,117.49,46.07,2.62
97,Coquimbo,0,CL,1551916800,87,-29.95,-71.34,60.8,3.36
98,Sao Filipe,0,CV,1551921470,95,14.9,-24.5,70.96,18.28
99,Lagoa,0,PT,1551921128,81,37.14,-8.45,51.8,4.7
100,Teguldet,68,RU,1551921470,85,57.31,88.17,16.69,4.18
101,Nago,75,IT,1551921461,81,45.88,10.89,54.0,6.93
102,Demba,32,CD,1551921471,96,-5.47,22.27,72.53,2.73
103,Port Blair,88,IN,1551921471,100,11.67,92.75,80.45,6.98
104,Kaduqli,0,SD,1551921471,28,11.01,29.72,71.41,11.12
105,Narsaq,40,GL,1551919800,29,60.91,-46.05,37.4,28.86
106,Nizwa,0,OM,1551921333,86,22.93,57.53,51.79,1.95
107,Nyimba,92,ZM,1551921472,89,-14.56,30.81,70.91,2.62
108,Harper,40,US,1551920786,45,30.3,-99.24,51.01,8.05
109,Norman Wells,40,CA,1551916800,44,65.28,-126.83,19.4,2.06
110,Pitsunda,90,GE,1551918600,87,43.16,40.34,42.8,13.42
111,East London,0,ZA,1551921473,94,-33.02,27.91,78.11,4.74
112,Walvis Bay,0,NA,1551920584,88,-22.95,14.51,64.99,3.36
113,Opuwo,0,NA,1551921473,59,-18.06,13.84,63.62,3.74
114,Vestmanna,48,FO,1551919800,74,62.16,-7.17,33.8,2.24
115,Yulara,0,AU,1551916800,19,-25.24,130.99,78.8,17.22
116,Kirensk,64,RU,1551921474,80,57.78,108.12,17.14,2.51
117,Hilo,90,US,1551921442,64,19.71,-155.08,73.4,8.05
118,Qaanaaq,64,GL,1551921475,80,77.48,-69.36,-2.26,3.4
119,Polovinnoye,92,RU,1551921475,93,54.79,65.99,35.9,21.41
120,Codrington,90,AU,1551921212,69,-28.95,153.24,82.4,17.22
121,Kaniama,8,CD,1551921476,97,-7.57,24.18,65.29,1.95
122,Chokurdakh,0,RU,1551921476,59,70.62,147.9,-12.75,8.88
123,Bloomingdale,1,US,1551921354,50,41.96,-88.08,30.2,13.87
124,Grindavik,75,IS,1551920956,79,63.84,-22.43,28.99,19.46
125,Pouembout,20,NC,1551921478,69,-21.12,164.9,82.88,5.75
126,Marica,40,BR,1551921001,83,-22.92,-42.82,87.8,13.13
127,Oranjemund,92,ZA,1551921478,94,-28.55,16.43,63.8,3.74
128,Castro,75,CL,1551916800,76,-42.48,-73.76,57.2,8.05
129,Katsuura,40,JP,1551920082,71,33.93,134.5,53.6,17.22
130,San Patricio,0,PY,1551921479,77,-26.98,-56.83,79.51,4.29
131,Port Alfred,0,ZA,1551921435,87,-33.59,26.89,71.01,8.01
132,Carnarvon,68,ZA,1551921480,38,-30.97,22.13,70.46,13.24
133,Arraial do Cabo,32,BR,1551921480,87,-22.97,-42.02,81.35,16.49
134,Okha,0,RU,1551921480,75,53.59,142.95,5.39,7.31
135,Ambulu,92,ID,1551921481,100,-8.35,113.61,72.62,8.99
136,Sao Jose da Coroa Grande,80,BR,1551921481,100,-8.9,-35.15,74.87,3.06
137,Alamogordo,1,US,1551921423,17,32.9,-105.96,71.6,13.87
138,Beringovskiy,32,RU,1551921482,96,63.05,179.32,25.51,14.25
139,Drochia,0,MD,1551921482,77,48.03,27.81,25.91,2.95
140,Dikson,32,RU,1551921482,76,73.51,80.55,-0.6,23.31
141,San Cristobal,75,EC,1551921392,82,-0.39,-78.55,60.8,6.93
142,Luganville,64,VU,1551921418,96,-15.51,167.18,83.74,4.52
143,Rameshki,36,RU,1551921483,74,57.35,36.05,9.71,11.01
144,Saint-Philippe,1,CA,1551921461,61,45.36,-73.48,12.99,12.75
145,Mocuba,92,MZ,1551921484,97,-16.84,36.99,72.58,3.96
146,Rawson,76,AR,1551921484,26,-43.3,-65.11,77.93,27.0
147,Araouane,0,ML,1551921484,26,18.9,-3.53,55.21,1.95
148,Ancud,75,CL,1551916800,76,-41.87,-73.83,57.2,8.05
149,Campeche,75,MX,1551916500,61,19.84,-90.54,82.4,11.41
150,Cidreira,92,BR,1551921485,85,-30.17,-50.22,78.16,10.67
151,Noumea,0,NC,1551918600,62,-22.28,166.46,87.8,9.17
152,Da Lat,32,VN,1551921297,84,11.95,108.44,62.9,1.16
153,Wagar,20,US,1551921452,69,31.44,-87.99,45.0,2.62
154,Marsaxlokk,0,MT,1551921403,100,35.84,14.54,57.99,6.93
155,Port Elizabeth,1,US,1551921483,38,39.31,-74.98,27.0,10.29
156,Chumikan,0,RU,1551921487,58,54.72,135.31,19.25,7.2
157,Vostok,0,RU,1551921487,59,46.45,135.83,19.39,2.39
158,Nyrob,92,RU,1551921488,93,60.74,56.73,25.37,18.16
159,Torbay,90,CA,1551921413,100,47.66,-52.73,24.01,9.17
160,Geraldton,75,CA,1551920400,60,49.72,-86.95,5.0,9.17
161,Karratha,0,AU,1551921308,66,-20.74,116.85,82.25,4.63
162,Vardo,1,US,1551921393,48,39.62,-77.74,26.01,8.05
163,Arica,0,CL,1551916800,64,-18.48,-70.32,71.6,2.24
164,Alta Floresta,44,BR,1551921489,92,-9.87,-56.08,76.13,2.06
165,Pincher Creek,90,CA,1551918300,77,49.49,-113.95,6.8,8.05
166,Moose Factory,75,CA,1551916800,84,51.26,-80.61,-2.21,6.93
167,Lata,36,IN,1551921490,91,30.78,78.62,30.77,2.28
168,Chiredzi,44,ZW,1551921490,56,-21.05,31.67,78.56,12.24
169,Dengzhou,0,CN,1551921490,53,32.69,112.08,38.56,10.78
170,Pathein,64,MM,1551921491,93,16.78,94.73,68.93,3.18
171,Moron,20,VE,1551921491,77,10.49,-68.2,72.31,4.29
172,Namatanai,48,PG,1551921491,97,-3.66,152.44,84.14,2.73
173,Saint-Pierre,92,FR,1551921483,93,48.95,4.24,53.6,19.46
174,Puerto Cabezas,0,NI,1551921364,85,14.04,-83.39,81.49,20.51
175,Sawakin,0,SD,1551921493,100,19.1,37.33,59.48,8.77
176,Nemuro,20,JP,1551916800,68,43.32,145.57,26.6,11.41
177,Tsabong,0,BW,1551921493,38,-26.02,22.4,78.47,11.01
178,Bam,0,IR,1551921494,74,29.11,58.36,35.23,4.63
179,Bambous Virieux,40,MU,1551921244,83,-20.34,57.76,77.0,4.85
180,Dudinka,32,RU,1551921494,77,69.41,86.18,-0.91,21.52
181,Touros,40,BR,1551920400,83,-5.2,-35.46,80.6,6.93
182,Dunedin,0,NZ,1551921027,43,-45.87,170.5,75.99,5.99
183,Kamenka,0,RU,1551921496,79,53.19,44.05,10.25,8.66
184,Shimoda,75,JP,1551918600,93,34.7,138.93,53.6,20.8
185,Tasiilaq,76,GL,1551919800,62,65.61,-37.64,19.4,25.28
186,Tiksi,88,RU,1551921497,72,71.64,128.87,5.66,2.62
187,Ailigandi,92,PA,1551921497,77,9.23,-78.02,77.98,10.67
188,Ozu,75,JP,1551921490,76,33.51,132.54,51.8,13.87
189,Yellowknife,5,CA,1551921369,72,62.45,-114.38,12.2,9.17
190,Husavik,12,CA,1551921271,72,50.56,-96.99,5.0,5.64
191,Kapaa,90,US,1551920903,60,22.08,-159.32,77.0,18.34
192,Aba,40,NG,1551916800,94,5.11,7.36,73.4,4.97
193,Sangar,80,RU,1551921499,67,63.92,127.47,1.84,6.76
194,Kirakira,80,SB,1551921499,96,-10.46,161.92,84.41,10.0
195,Ust-Omchug,24,RU,1551921499,78,61.13,149.63,-6.49,3.51
196,Padang,40,ID,1551916800,88,-0.92,100.36,78.8,4.7
197,Eureka,90,US,1551921243,100,40.8,-124.16,48.0,11.41
198,Butaritari,80,KI,1551921500,100,3.07,172.79,80.63,8.21
199,Airai,68,TL,1551921500,81,-8.93,125.41,75.28,1.61
200,Honiara,32,SB,1551921500,68,-9.43,159.96,86.21,3.62
201,Mar del Plata,92,AR,1551921501,51,-46.43,-67.52,64.16,22.53
202,Talcahuano,90,CL,1551917700,87,-36.72,-73.12,60.8,10.29
203,Qujing,92,CN,1551921351,96,25.49,103.8,48.64,5.53
204,Christiana,0,ZA,1551921502,53,-27.91,25.16,69.65,10.67
205,Atar,0,MR,1551921502,25,20.52,-13.05,59.66,7.99
206,Constitucion,90,MX,1551921017,7,23.99,-104.67,78.8,17.22
207,Kingston,1,CA,1551921403,43,44.23,-76.48,12.99,6.93
208,Ambon,75,FR,1551921501,87,47.55,-2.56,48.99,11.41
209,Bar-le-Duc,80,FR,1551921483,87,48.77,5.16,59.0,12.75
210,Mangai,48,CD,1551921504,90,-4.07,19.59,76.58,3.06
211,Tollose,92,DK,1551921460,93,55.61,11.77,45.0,11.41
212,Ust-Ilimsk,8,RU,1551921504,82,57.96,102.73,14.12,3.74
213,Tuktoyaktuk,90,CA,1551916800,77,69.44,-133.03,5.0,4.7
214,Novopokrovka,0,RU,1551921505,53,45.85,134.51,22.94,3.29
215,Halifax,20,CA,1551921364,72,44.65,-63.58,19.4,11.41
216,Kanda,75,JP,1551921307,93,35.7,139.76,50.0,16.11
217,Berlevag,56,NO,1551921506,100,70.86,29.09,22.09,19.73
218,Esperance,20,TT,1551921401,78,10.24,-61.45,78.8,6.93
219,Sept-Iles,75,CA,1551921209,45,50.2,-66.38,6.01,9.17
220,Jijiga,0,ET,1551921506,94,9.35,42.8,49.49,2.06
221,Provideniya,0,RU,1551918600,57,64.42,-173.23,23.0,6.71
222,Mayumba,0,GA,1551921507,98,-3.44,10.65,78.29,3.74
223,Herat,0,AF,1551921507,80,34.35,62.22,28.7,3.85
224,Carutapera,76,BR,1551921507,93,-1.2,-46.02,77.75,6.64
225,Zhangjiakou,0,CN,1551921507,66,40.77,114.88,15.43,2.95
226,Paamiut,24,GL,1551921508,85,61.99,-49.67,33.88,41.54
227,Abu Kamal,44,SY,1551921508,79,34.45,40.92,47.33,8.32
228,Kutum,0,SD,1551921508,36,14.2,24.66,59.89,9.22
229,San Jose,0,PH,1551921390,86,15.79,120.99,74.15,2.84
230,Kaeo,8,NZ,1551920884,67,-35.1,173.78,81.0,8.99
231,Carros,75,FR,1551921460,76,43.78,7.19,57.2,12.75
232,Iqaluit,40,CA,1551921163,62,63.75,-68.52,-16.01,25.28
233,Hovd,0,NO,1551921364,79,63.83,10.7,25.0,11.41
234,Sorland,88,NO,1551921510,100,67.67,12.69,35.54,20.18
235,Kampot,0,KH,1551918600,88,10.62,104.18,73.4,3.36
236,Nara,75,JP,1551921255,81,34.68,135.8,52.0,14.99
237,Bobcaygeon,90,CA,1551921382,72,44.54,-78.55,12.2,16.11
238,Rome,0,IT,1551921244,81,41.89,12.48,54.0,3.36
239,Campbell River,40,CA,1551921302,30,50.02,-125.24,44.6,4.7
240,Ornskoldsvik,0,SE,1551918000,77,63.29,18.72,-0.41,4.7
241,Bethel,90,US,1551919980,86,60.79,-161.76,32.0,6.93
242,Tura,44,IN,1551921513,75,25.52,90.21,58.36,2.28
243,Porto Walter,8,BR,1551921513,82,-8.27,-72.74,81.35,1.95
244,Orlik,76,RU,1551921514,73,52.51,99.83,5.21,1.83
245,Ponta do Sol,68,BR,1551921514,95,-20.63,-46.0,65.74,3.18
246,Arys,12,KZ,1551918600,93,42.43,68.8,35.6,2.24
247,Dauphin,1,CA,1551920400,77,51.15,-100.04,5.0,5.82
248,Oak Harbor,90,US,1551921333,62,41.51,-83.15,21.99,13.87
249,Luderitz,0,NA,1551921515,87,-26.65,15.16,60.79,10.67
250,Novyy Svit,0,UA,1551921515,81,47.81,38.02,27.8,4.29
251,Golfito,0,CR,1551921482,80,8.64,-83.17,83.96,7.09
252,Dawlatabad,0,AF,1551921516,83,36.41,64.91,35.45,2.73
253,Port-Gentil,76,GA,1551921516,98,-0.72,8.78,81.53,2.39
254,Arlit,0,NE,1551921516,38,18.74,7.39,63.71,8.66
255,Lompoc,90,US,1551921419,87,34.64,-120.46,59.0,8.05
256,Warrington,40,GB,1551921429,75,53.39,-2.59,45.0,16.11
257,Faanui,76,PF,1551921517,99,-16.48,-151.75,84.68,12.8
258,Vanimo,32,PG,1551921517,99,-2.67,141.3,82.88,7.31
259,Swan Hill,0,AU,1551921517,43,-35.34,143.56,63.49,7.2
260,Wanning,20,AT,1551921477,80,48.64,13.53,45.0,3.36
261,Busca,90,IT,1551921428,100,44.52,7.47,46.99,4.7
262,Longyearbyen,20,NO,1551919800,65,78.22,15.63,6.8,5.82
263,Sitka,0,US,1551921313,46,37.17,-99.65,45.0,5.01
264,Matara,0,PE,1551921519,91,-13.74,-72.9,46.34,1.95
265,Muisne,100,EC,1551921520,80,0.61,-80.02,77.08,7.65
266,Lakes Entrance,8,AU,1551921507,35,-37.88,147.99,69.01,1.01
267,Fairbanks,90,US,1551921246,79,64.84,-147.72,26.01,4.18
268,Koson,0,UZ,1551916800,80,39.04,65.59,39.2,4.7
269,Port Macquarie,90,AU,1551921245,82,-31.43,152.91,69.01,4.7
270,Kerouane,8,GN,1551921521,33,12.23,-12.34,69.11,4.41
271,Sechura,80,PE,1551921521,72,-5.56,-80.82,79.64,9.33
272,Nanortalik,92,GL,1551921522,93,60.14,-45.24,31.63,20.18
273,Felanitx,0,ES,1551921373,63,39.47,3.15,61.0,16.11
274,Port Lincoln,20,AU,1551921522,90,-34.72,135.86,64.39,10.45
275,Rio Gallegos,20,AR,1551916800,65,-51.62,-69.22,44.6,10.29
276,Lebu,0,ET,1551921523,85,8.96,38.73,42.74,2.62
277,Tautira,20,PF,1551921183,62,-17.73,-149.15,87.8,9.17
278,Peruibe,80,BR,1551921224,97,-24.32,-47.0,81.8,10.0
279,Puerto Maldonado,36,PE,1551921524,89,-12.59,-69.19,78.92,0.72
280,Edson,1,CA,1551920400,72,53.59,-116.44,10.4,11.41
281,Kastamonu,92,TR,1551921524,86,41.38,33.78,25.24,2.62
282,Boda,5,BD,1551918600,100,26.2,88.56,50.0,3.51
283,Margate,40,AU,1551921494,44,-43.03,147.26,62.01,14.99
284,Taoudenni,0,ML,1551921525,24,22.68,-3.98,52.73,2.73
285,Santa Cruz,90,US,1551921236,87,36.97,-122.03,57.2,17.22
286,Te Anau,68,NZ,1551921525,73,-45.41,167.72,60.92,19.28
287,North Bend,90,US,1551921393,87,43.41,-124.22,45.0,3.36
288,Los Llanos de Aridane,40,ES,1551920401,63,28.66,-17.92,64.4,17.22
289,Iskateley,0,RU,1551921526,68,67.68,53.15,-1.63,11.23
290,Yanam,40,IN,1551918600,78,16.73,82.22,73.4,4.07
291,Rafraf,20,TN,1551918600,55,37.19,10.18,60.8,4.7
292,Mana,0,RS,1551918600,82,43.52,20.24,44.6,1.12
293,Broken Hill,0,AU,1551916800,25,-31.97,141.45,64.4,17.22
294,Kholtoson,8,RU,1551921528,59,50.3,103.31,6.79,2.51
295,Riyadh,0,SA,1551916800,46,24.63,46.72,53.6,4.7
296,Caiaponia,36,BR,1551921528,73,-16.96,-51.81,76.81,6.2
297,Santa Vitoria do Palmar,8,BR,1551921513,77,-33.52,-53.37,78.2,14.25
298,Bani Walid,0,LY,1551921529,49,31.76,14.0,45.26,5.64
299,Aquiraz,40,BR,1551921491,83,-3.9,-38.39,79.0,2.24
300,Kavaratti,0,IN,1551921529,100,10.57,72.64,82.07,11.68
301,Terra Boa,48,BR,1551921529,92,-23.77,-52.45,71.54,4.41
302,Khatanga,56,RU,1551921530,68,71.98,102.47,-5.14,11.68
303,Barahona,0,DO,1551921530,98,18.21,-71.1,78.29,9.22
304,Waddan,0,LY,1551921530,69,29.16,16.14,39.19,3.85
305,Cabo San Lucas,75,MX,1551921021,47,22.89,-109.91,77.0,8.05
306,San Quintin,0,PH,1551921531,62,17.54,120.52,74.42,3.96
307,Dagana,0,MR,1551921531,43,16.52,-15.51,68.93,11.79
308,Avera,1,US,1551921487,33,33.19,-82.53,48.2,5.19
309,Zelenogorskiy,40,RU,1551918600,92,55.03,87.0,15.8,4.47
310,Mahebourg,40,MU,1551921244,83,-20.41,57.7,77.0,4.85
311,Dawei,12,MM,1551921532,94,14.07,98.19,66.5,2.28
312,Victoria,75,BN,1551918600,94,5.28,115.24,82.4,3.36
313,Marawi,64,PH,1551921439,83,8.0,124.29,80.01,3.0
314,Klyuchi,12,RU,1551921533,83,52.25,79.17,12.77,9.33
315,Klyuchevskiy,0,RU,1551921533,60,53.53,119.45,8.36,2.17
316,Elda,0,ES,1551921518,41,38.48,-0.8,60.01,8.05
317,Hailar,0,CN,1551921534,67,49.2,119.7,12.73,8.21
318,Taseyevo,56,RU,1551921534,82,57.22,94.9,18.44,4.18
319,Lamu,0,ID,1551921534,86,0.57,122.3,77.57,2.95
320,Hit,8,IQ,1551921535,75,33.64,42.83,49.22,9.66
321,Whitecourt,20,CA,1551916800,61,54.14,-115.68,12.2,18.34
322,Severo-Kurilsk,48,RU,1551921535,100,50.68,156.12,24.43,11.23
323,Deputatskiy,0,RU,1551921535,41,69.3,139.9,-28.0,2.73
324,Strezhevoy,90,RU,1551918600,85,60.73,77.6,24.8,15.66
325,Talnakh,20,RU,1551921536,65,69.49,88.39,-0.87,17.27
326,Vitim,92,RU,1551921536,87,59.44,112.57,22.31,3.62
327,Ballina,80,IE,1551921491,82,54.11,-9.15,44.01,7.0
328,Alofi,75,NU,1551916800,58,-19.06,-169.92,86.0,11.41
329,Umm Kaddadah,8,SD,1551921537,24,13.6,26.69,65.33,11.23
330,Nabire,36,ID,1551921537,89,-3.36,135.5,74.6,1.95
331,Cockburn Town,8,TC,1551921538,99,21.46,-71.14,78.61,10.22
332,Alyangula,75,AU,1551916800,74,-13.85,136.42,86.0,6.93
333,Ust-Tsilma,12,RU,1551921539,81,65.44,52.15,11.15,5.41
334,Sabha,0,LY,1551921539,41,27.03,14.43,46.07,2.73
335,Mecca,0,SA,1551921289,82,21.43,39.83,48.77,4.29
336,Pundaguitan,92,PH,1551921540,100,6.37,126.17,75.64,4.63
337,Bafq,56,IR,1551921540,58,31.6,55.4,38.78,1.72
338,Saldanha,88,PT,1551921541,93,41.42,-6.55,40.85,8.55
339,Izhma,76,RU,1551921541,78,65.01,53.91,11.83,6.98
340,Camacha,40,PT,1551918600,72,33.08,-16.33,60.8,12.75
341,Praia da Vitoria,75,PT,1551921381,93,38.73,-27.07,62.6,20.29
342,Aykhal,76,RU,1551921542,71,65.95,111.51,14.71,13.02
343,Labuhan,68,ID,1551921542,87,-2.54,115.51,74.42,3.06
344,Chuncheng,92,CN,1551921542,100,22.17,111.79,58.04,3.62
345,Poltavka,92,RU,1551921542,91,54.36,71.76,32.98,13.02
346,Kant,90,KG,1551918600,53,42.89,74.85,32.0,6.71
347,Klaksvik,56,FO,1551919800,74,62.23,-6.59,33.8,2.24
348,Samana,64,EC,1551921544,83,0.12,-76.97,76.94,3.4
349,Haines Junction,0,CA,1551921544,72,60.75,-137.51,9.53,1.39
350,Cherskiy,64,RU,1551921544,72,68.75,161.3,-2.53,2.62
351,Mosquera,20,CO,1551916800,82,4.71,-74.23,59.0,0.27
352,Atambua,80,ID,1551921545,100,-9.11,124.89,78.79,6.76
353,Onega,20,RU,1551921545,75,63.91,38.09,14.89,14.03
354,Leshukonskoye,76,RU,1551921545,75,64.9,45.76,11.11,8.21
355,Filadelfia,0,PY,1551921546,49,-22.35,-60.04,91.93,11.9
356,La Ronge,20,CA,1551916800,44,55.1,-105.3,17.6,6.93
357,Clyde River,90,CA,1551920400,83,70.47,-68.59,-5.81,9.17
358,Rodrigues Alves,0,BR,1551916800,88,-7.74,-72.65,78.8,3.62
359,Riberalta,12,BO,1551921547,90,-11.0,-66.08,79.1,1.28
360,Kashary,0,RU,1551921547,77,49.04,41.01,20.38,3.62
361,Portland,90,US,1551921404,93,45.52,-122.67,36.0,6.93
362,Nieuw Amsterdam,40,SR,1551921012,83,5.88,-55.08,79.0,8.05
363,Bara,0,NG,1551921548,26,10.41,10.6,75.28,10.0
364,Leningradskiy,76,RU,1551921548,100,69.38,178.42,8.41,7.87
365,Kamra,88,PK,1551921531,81,33.86,72.39,51.01,5.01
366,Bonavista,44,CA,1551921357,90,48.65,-53.11,21.0,7.0
367,Puerto Carreno,75,CO,1551916800,70,6.19,-67.49,84.2,3.18
368,Natal,20,BR,1551920400,74,-5.81,-35.21,82.4,10.29
369,Saravan,20,AM,1551920400,86,39.72,45.65,35.6,4.7
370,Kokkola,0,FI,1551921522,92,63.84,23.13,19.0,10.29
371,Payo,20,ID,1551921550,92,-3.75,103.64,73.52,2.06
372,Qasigiannguit,12,GL,1551919800,44,68.82,-51.19,19.4,3.36
373,Evensk,24,RU,1551921551,100,61.92,159.24,14.12,10.22
374,Machico,40,PT,1551921067,59,32.7,-16.77,60.8,6.93
375,Pran Buri,0,TH,1551916800,83,12.39,99.9,75.2,1.12
376,Xuddur,0,SO,1551921551,57,4.12,43.89,73.25,10.33
377,Tumpat,75,MY,1551916800,94,6.2,102.17,73.4,2.39
378,Westport,92,IE,1551921491,85,53.8,-9.52,46.99,5.01
379,Udalguri,24,IN,1551921552,91,26.75,92.1,44.86,1.16
380,Pevek,80,RU,1551921553,100,69.7,170.27,1.97,3.74
381,Ludvika,92,SE,1551921405,100,60.15,15.18,32.0,8.05
382,Salamiyah,0,SY,1551921553,92,35.01,37.05,41.26,10.89
383,Sri Aman,75,MY,1551916800,94,1.24,111.46,77.0,2.24
384,Petrovsk-Zabaykalskiy,24,RU,1551921554,66,51.27,108.84,13.99,2.39
385,Xai-Xai,92,MZ,1551921554,98,-25.04,33.64,78.2,8.43
386,Aljezur,88,PT,1551921128,93,37.31,-8.8,51.01,10.67
387,Umm Lajj,0,SA,1551921554,100,25.02,37.27,60.34,9.66
388,Christchurch,0,NZ,1551921484,23,-43.53,172.64,84.0,19.46
389,Albacete,0,ES,1551921311,81,39.0,-1.86,44.6,18.34
390,Ossora,92,RU,1551921555,89,59.24,163.07,24.16,16.49
391,Puerto Penasco,0,MX,1551921396,71,31.32,-113.53,66.99,8.99
392,Praya,75,ID,1551918600,94,-8.71,116.27,77.0,4.7
393,Ahipara,92,NZ,1551919801,84,-35.17,173.16,80.01,1.99
394,Dicabisagan,8,PH,1551921556,100,17.08,122.42,75.46,3.51
395,Trincomalee,12,LK,1551921556,94,8.58,81.23,73.93,5.19
396,Hwange,0,ZW,1551921557,49,-18.35,26.5,74.56,13.69
397,Suoyarvi,0,RU,1551921557,77,62.08,32.35,12.68,8.1
398,Nagytarcsa,0,HU,1551921484,52,47.53,19.28,48.0,13.87
399,Hukuntsi,56,BW,1551921557,47,-23.98,21.76,76.81,9.55
400,Plastun,0,RU,1551921558,38,44.76,136.29,26.36,2.73
401,Port Hardy,20,CA,1551916800,32,50.7,-127.42,41.0,9.17
402,Nicoya,20,CR,1551916800,58,10.15,-85.45,82.4,28.86
403,Gamba,0,CN,1551921558,39,28.28,88.52,-16.39,4.63
404,Yangambi,92,CD,1551921559,100,0.77,24.47,72.8,2.73
405,Xiamen,75,CN,1551916800,82,24.46,118.07,55.4,20.13
406,Ulladulla,0,AU,1551921405,34,-35.36,150.48,70.0,10.29
407,Devils Lake,20,US,1551921300,77,48.11,-98.87,6.8,5.82
408,Hithadhoo,92,MV,1551921560,100,-0.6,73.08,82.79,4.41
409,Mao,40,DO,1551921407,65,19.55,-71.08,78.8,2.24
410,Djambala,44,CG,1551921560,88,-2.55,14.76,71.99,3.18
411,Kizilskoye,76,RU,1551921561,93,52.73,58.89,33.2,13.69
412,Nuuk,76,GL,1551919800,40,64.17,-51.74,35.6,24.16
413,Maposeni,20,TZ,1551916800,88,-10.58,35.4,69.8,9.17
414,Kruisfontein,88,ZA,1551921561,85,-34.0,24.73,67.81,19.17
415,Ranong,40,TH,1551916800,100,9.96,98.62,71.6,4.52
416,Manado,20,ID,1551918600,66,1.49,124.85,84.2,2.24
417,Makinsk,92,KZ,1551921562,93,52.63,70.42,30.28,19.84
418,Jerantut,32,MY,1551921562,93,3.94,102.37,71.59,1.61
419,Angoche,80,MZ,1551921562,100,-16.23,39.91,78.34,7.76
420,Itarema,56,BR,1551921563,95,-2.92,-39.92,75.28,4.97
421,Kavieng,48,PG,1551921563,99,-2.57,150.8,84.19,5.19
422,Banda Aceh,12,ID,1551921563,99,5.56,95.32,72.26,2.51
423,Yenagoa,0,NG,1551921563,93,4.92,6.26,75.41,4.85
424,Ahar,0,IR,1551921564,66,38.48,47.07,13.31,2.28
425,Rocha,32,UY,1551921476,67,-34.48,-54.34,78.34,5.53
426,Moyale,0,ET,1551921564,49,3.52,39.05,67.04,5.86
427,Koslan,20,RU,1551921565,75,63.46,48.9,6.92,5.86
428,Neuquen,75,AR,1551916800,31,-38.95,-68.06,73.4,20.8
429,Arroyo,1,US,1551921518,61,41.39,-78.88,14.0,5.82
430,Canico,40,PT,1551921067,59,32.63,-16.85,60.8,6.93
431,Kotido,0,UG,1551921566,89,3.01,34.12,59.53,3.74
432,Fairlie,1,US,1551921545,29,33.31,-95.96,50.0,5.82
433,Kande,90,UG,1551920400,88,0.3,32.05,68.0,2.84
434,Coihaique,75,CL,1551916800,66,-45.58,-72.07,55.4,5.82
435,Zhaozhou,0,CN,1551921567,49,45.71,125.27,25.01,4.63
436,Cukai,75,MY,1551916800,94,4.25,103.42,75.2,1.12
437,Weyburn,0,CA,1551921415,81,49.67,-103.85,1.0,4.0
438,Bauchi,8,NG,1551921567,59,10.31,9.85,65.74,2.95
439,Monte Escobedo,68,MX,1551921568,18,22.3,-103.58,78.61,2.28
440,San Lorenzo,75,PY,1551916800,88,-25.34,-57.51,77.0,9.17
441,Iwanai,0,JP,1551921569,100,42.97,140.51,32.66,10.22
442,Tigil,48,RU,1551921569,86,57.8,158.67,13.22,3.18
443,Oistins,20,BB,1551916800,78,13.07,-59.53,77.0,16.11
444,Wewak,76,PG,1551921569,92,-3.55,143.63,77.84,2.73
445,Gravdal,92,NO,1551921488,80,59.79,5.78,41.0,14.99
446,Ampanihy,0,MG,1551921570,89,-24.69,44.75,70.55,10.0
447,Hofn,92,IS,1551921570,100,64.25,-15.21,33.74,14.81
448,Santa Rosa,0,AR,1551921572,45,-36.62,-64.29,83.83,12.68
449,Kijang,40,KR,1551916800,66,35.24,129.21,48.2,9.17
450,Faya,40,SA,1551916800,87,18.39,42.45,55.4,6.93
451,Krasnoye-na-Volge,0,RU,1551918600,61,57.51,41.24,14.0,11.18
452,Quelimane,75,MZ,1551916800,94,-17.88,36.89,77.0,12.75
453,Katobu,68,ID,1551921573,100,-4.94,122.53,78.65,2.28
454,Kiunga,0,PG,1551921574,82,-6.12,141.3,81.8,2.84
455,Peniche,20,PT,1551921449,87,39.36,-9.38,53.01,6.93
456,Cabo Rojo,40,PR,1551921395,100,18.09,-67.15,78.01,6.93
457,Yumen,56,CN,1551921574,56,40.29,97.04,29.29,8.21
458,Kromy,0,RU,1551921575,65,52.69,35.77,5.53,2.95
459,Nalut,0,LY,1551921575,60,31.86,10.98,47.15,5.64
460,Hudiksvall,64,SE,1551921575,100,61.73,17.1,23.26,6.53
461,Luba,0,PH,1551921575,62,17.32,120.7,74.42,3.96
462,Tessalit,0,ML,1551921575,21,20.2,1.01,56.56,5.75
463,Chaman,0,AF,1551921576,80,30.92,66.46,28.61,2.62
464,Hamilton,40,BM,1551921386,63,32.3,-64.78,62.6,25.28
465,Umarkot,0,PK,1551921576,61,25.37,69.74,62.54,6.42
466,Behshahr,12,IR,1551921577,86,36.69,53.54,38.51,2.06
467,Baykit,0,RU,1551921577,69,61.68,96.39,0.53,4.18
468,Nakasongola,0,UG,1551921577,92,1.32,32.46,61.28,2.84
469,Vila Velha,40,BR,1551921491,83,-3.71,-38.6,79.0,2.24
470,High Level,20,CA,1551920400,61,58.52,-117.13,15.8,10.29
471,Vermillion,20,US,1551921392,73,42.78,-96.93,25.0,10.29
472,Upington,20,ZA,1551920400,32,-28.46,21.24,80.6,5.82
473,San Angelo,1,US,1551921376,37,31.46,-100.44,52.0,12.75
474,Carrickmacross,75,IE,1551921304,86,53.98,-6.72,43.0,14.99
475,Adiake,20,CI,1551916800,89,5.29,-3.3,84.2,8.05
476,Athabasca,8,CA,1551921286,81,54.72,-113.29,10.21,12.68
477,Muswellbrook,8,AU,1551921005,65,-32.27,150.89,70.0,5.01
478,Uvarovka,8,RU,1551921580,65,55.53,35.61,5.44,7.76
479,Kattivakkam,20,IN,1551918600,83,13.22,80.32,82.4,10.29
480,Oum Hadjer,12,TD,1551921580,26,13.3,19.7,78.29,9.89
481,Hambantota,40,LK,1551917400,100,6.12,81.12,77.0,2.24
482,Anamur,40,TR,1551916200,93,36.08,32.84,46.4,4.7
483,Kalmunai,0,LK,1551921581,98,7.42,81.82,71.59,3.74
484,Egvekinot,36,RU,1551921545,85,66.32,-179.17,14.26,3.29
485,Sapele,0,NG,1551921582,93,5.89,5.68,78.02,4.29
486,Cicero Dantas,32,BR,1551921582,77,-10.6,-38.38,75.46,8.21
487,Ati,0,TD,1551921582,19,13.21,18.34,80.86,12.91
488,Singureni,0,RO,1551921191,69,44.23,25.94,43.0,3.36
489,Vlasim,0,CZ,1551921443,75,49.71,14.9,43.0,5.82
490,Grafton,90,AU,1551921496,61,-29.69,152.93,78.8,18.34
491,Huntington,1,US,1551921359,50,38.42,-82.45,30.0,4.7
492,Ribnitz-Damgarten,75,DE,1551921433,87,54.24,12.43,48.0,10.29
493,Dongobesh,64,TZ,1551921584,93,-4.07,35.37,55.21,2.17
494,Ayagoz,12,KZ,1551921584,74,47.96,80.43,3.91,8.99
495,Ladnun,0,IN,1551921584,66,27.64,74.39,48.68,2.84
496,Shwebo,0,MM,1551921585,90,22.57,95.7,59.75,3.62
497,Bandarbeyla,8,SO,1551921586,100,9.49,50.81,77.08,6.42
498,Aleksandrov Gay,48,RU,1551921586,92,50.14,48.57,32.84,11.01
499,Santiago,0,CL,1551921362,20,-33.44,-70.65,73.4,12.75
500,Chuy,8,UY,1551921587,77,-33.69,-53.46,78.2,14.25
501,La Crosse,1,US,1551921354,78,43.8,-91.24,19.4,8.05
502,Vrangel,0,RU,1551921587,100,42.73,133.08,33.11,12.24
503,Genc,88,TR,1551921588,86,38.75,40.56,30.01,2.28
504,Minudasht,0,IR,1551916800,75,37.23,55.37,46.4,4.7
505,Biak,32,ID,1551921588,100,-0.91,122.88,79.1,1.83
506,Reitz,68,ZA,1551921377,93,-27.8,28.43,58.63,2.95
507,Tonawanda,75,US,1551921545,60,43.02,-78.88,14.0,5.82
508,Maralal,0,KE,1551921589,88,1.1,36.7,51.02,2.17
509,Garissa,0,KE,1551921589,63,-0.46,39.64,78.16,6.98
510,Pokhara,0,NP,1551921590,70,28.21,83.99,34.78,2.73
511,Kandalaksha,76,RU,1551921590,77,67.15,32.41,10.25,3.4
512,Sao Luiz Gonzaga,0,BR,1551921590,88,-28.41,-54.96,76.04,6.2
513,Tapes,8,BR,1551921590,84,-30.67,-51.4,75.73,5.53
514,Bubaque,0,GW,1551921591,82,11.28,-15.83,81.58,12.68
515,Awbari,0,LY,1551921591,41,26.59,12.77,48.19,5.97
516,Muros,40,ES,1551921569,81,42.77,-9.06,51.01,6.93
517,Daura,8,NG,1551921592,34,13.04,8.32,70.91,9.1
518,Hermiston,90,US,1551921387,79,45.84,-119.29,28.99,6.93
519,Nelson,88,CA,1551921593,69,49.49,-117.29,24.65,2.06
520,Port-Cartier,75,CA,1551921509,45,50.03,-66.88,6.01,9.17
521,Taphan Hin,0,TH,1551916800,73,16.22,100.43,75.2,8.05
522,Kokopo,32,PG,1551921594,100,-4.34,152.27,82.84,1.72
523,Jiaonan,0,CN,1551916800,69,35.88,119.98,37.4,11.18
524,Lenger,80,KZ,1551918600,93,42.18,69.89,35.6,2.24
525,Labe,8,NG,1551921594,70,7.7,8.47,82.25,11.79
526,Bilibino,76,RU,1551921594,77,68.06,166.44,3.68,3.06
527,Labytnangi,80,RU,1551921595,74,66.66,66.39,9.31,2.95
528,Omsukchan,12,RU,1551921595,68,62.53,155.8,-7.21,3.62
529,Villaviciosa,40,ES,1551921543,70,43.48,-5.43,52.0,10.29
530,Grand Gaube,40,MU,1551921544,83,-20.01,57.66,77.0,8.77
531,Plettenberg Bay,64,ZA,1551921596,100,-34.05,23.37,68.71,17.27
532,Bonthe,0,SL,1551921596,87,7.53,-12.5,78.2,5.64
533,Ozinki,80,RU,1551921597,94,51.2,49.73,32.93,11.45
534,Tual,12,ID,1551921597,100,-5.67,132.75,82.97,4.85
535,Atbasar,56,KZ,1551921598,88,51.81,68.36,27.13,16.82
536,Beloha,56,MG,1551921598,80,-25.17,45.06,75.32,10.45
537,Dobson,1,US,1551921310,31,36.4,-80.72,37.4,7.2
538,Novobirilyussy,76,RU,1551921598,87,56.95,90.69,18.71,4.74
539,Ishinomaki,75,JP,1551916800,93,38.42,141.3,42.8,10.29
540,Daru,32,SL,1551921599,54,7.99,-10.85,83.24,10.89
541,Bucerias,75,MX,1551921332,74,20.76,-105.33,78.8,10.29
542,Galeana,32,MX,1551921020,41,24.83,-100.08,64.0,3.0
543,Grand-Santi,48,GF,1551921600,96,4.27,-54.38,75.28,2.73
544,Krutinka,88,RU,1551921600,92,56.01,71.51,32.53,17.94
545,Georgetown,75,GY,1551916800,88,6.8,-58.16,77.0,6.93
546,Suda,36,RU,1551921601,75,59.15,37.56,11.51,13.8
547,Bud,20,NO,1551921354,74,62.91,6.91,33.8,23.04
548,Nome,1,US,1551921601,45,30.04,-94.42,53.01,5.82
549,Lerwick,92,GB,1551918000,86,60.15,-1.15,41.0,28.86
550,Mnogovershinnyy,0,RU,1551921603,62,53.94,139.92,8.99,2.62
551,Bacolod,0,PH,1551921603,78,10.68,122.95,76.99,7.87
552,Dispur,40,IN,1551918600,93,26.14,91.79,60.8,6.53
553,Broome,80,GB,1551921603,81,52.47,1.45,51.01,14.99
554,Dwarka,0,IN,1551918600,87,28.58,77.04,55.4,3.36
555,Gasa,0,BT,1551921605,55,27.91,89.73,-6.67,0.38
556,Jumla,0,NP,1551921605,76,29.28,82.18,2.42,0.94
557,Calvinia,0,ZA,1551921605,82,-31.47,19.78,53.18,3.29
558,Kulob,90,TJ,1551920400,81,37.91,69.78,46.4,4.47
559,Wlingi,92,ID,1551921606,97,-8.09,112.32,70.33,5.97
560,Galveston,1,US,1551921602,79,40.58,-86.19,26.6,12.75
561,Hasaki,75,JP,1551921576,93,35.73,140.83,48.2,19.46
562,Cape Canaveral,1,US,1551921604,70,28.41,-80.6,54.0,5.82
563,Traralgon,32,AU,1551921423,51,-38.19,146.54,64.0,1.01
564,Ontario,90,US,1551921524,100,34.07,-117.65,62.6,6.93
565,Bathsheba,20,BB,1551916800,78,13.22,-59.52,77.0,16.11
566,Neiafu,75,TO,1551916800,74,-18.65,-173.98,84.2,5.82
567,Nadym,76,RU,1551921608,85,65.53,72.51,19.97,14.92
568,Charlestown,1,US,1551921605,53,41.38,-71.64,23.0,3.36
569,Gewane,56,ET,1551921608,83,10.16,40.66,68.12,2.84
570,Casas Grandes,12,MX,1551921608,22,30.15,-110.24,77.89,4.18
571,Lyubinskiy,75,RU,1551918600,92,55.15,72.69,30.2,13.42
572,Stoke-on-Trent,90,GB,1551921604,75,53.02,-2.18,45.0,8.05
573,el Prat de Llobregat,20,ES,1551921608,58,41.32,2.1,59.0,12.75
574,Camapua,24,BR,1551921609,87,-19.53,-54.04,73.43,4.63
575,Gdynia,0,PL,1551921604,83,54.52,18.54,42.01,13.87
576,Hopkinsville,75,US,1551921606,34,36.87,-87.49,36.0,3.36
577,Boyuibe,0,BO,1551921610,70,-20.43,-63.28,79.33,16.04
578,Pacific Grove,20,US,1551921608,58,36.62,-121.92,57.2,13.87
579,Warmbad,88,DE,1551921519,50,50.67,13.08,53.01,9.17
580,Wuwei,76,CN,1551921465,74,37.93,102.64,18.17,2.73
